,interview,task,numfixations,fixationrate,meanfixationduration,stddevfixationduration,sumfixationduration
0,EO-091,EO-091_allsc,91,0.000379969351923,436.417582418,728.716086551,39714
1,EO-091,Reading,25,0.000440963770417,436.0,810.802072025,10900
2,EO-091,Memory,23,0.000244683454079,400.0,370.503343133,9200
3,EO-091,CookieTheft,41,0.000513784461153,449.12195122,848.88453853,18414
4,EO-091,PupilCalib,2,0.000222222222222,600.0,282.842712475,1200
5,HA-196,HA-196_allsc,208,0.000887746957973,242.841346154,288.434385948,50511
6,HA-196,Reading,48,0.000979531865396,189.916666667,156.32587803,9116
7,HA-196,Memory,69,0.000736416320693,230.391304348,262.204467667,15897
8,HA-196,CookieTheft,81,0.00099874232448,223.432098765,223.222363254,18098
9,HA-196,PupilCalib,10,0.000952471663968,740.0,727.552976307,7400
10,EA-069,EA-069_allsc,69,0.000457857228172,275.362318841,224.75149486,19000
11,EA-069,Reading,19,0.000323123756399,184.210526316,153.706639395,3500
12,EA-069,Memory,7,0.000191251605147,400.0,326.598632371,2800
13,EA-069,CookieTheft,42,0.000818713450292,297.619047619,225.049908002,12500
14,EA-069,PupilCalib,1,0.00025,200.0,0.0,200
15,HI-097,HI-097_allsc,90,0.000575451249688,257.011111111,364.906252219,23131
16,HI-097,Reading,24,0.000475219293903,209.0,144.189488853,5016
17,HI-097,Memory,30,0.000665262224193,156.7,85.8134102534,4701
18,HI-097,CookieTheft,27,0.00054874702762,167.259259259,144.273403006,4516
19,HI-097,PupilCalib,9,0.000775995861355,988.666666667,808.195984895,8898
20,HN-183,HN-183_allsc,366,0.00127791957486,355.087431694,435.331500839,129962
21,HN-183,Reading,77,0.00138731239753,237.623376623,148.104962687,18297
22,HN-183,Memory,37,0.00134072544117,270.243243243,330.539996353,9999
23,HN-183,CookieTheft,247,0.00129051808815,367.04048583,361.235760656,90659
24,HN-183,PupilCalib,5,0.000419921054842,2201.4,1807.12860638,11007
25,EL-122,EL-122_allsc,51,0.000323591741431,180.411764706,114.56145538,9201
26,EL-122,Reading,29,0.000463251385761,164.965517241,96.9279860657,4784
27,EL-122,Memory,10,0.000142452171683,231.6,162.255765177,2316
28,EL-122,CookieTheft,12,0.000483753930501,175.083333333,105.636992774,2101
29,EI-170,EI-170_allsc,313,0.00108761371297,247.693290735,228.668796403,77528
30,EI-170,Reading,49,0.000776631322017,220.346938776,144.31729381,10797
31,EI-170,Memory,140,0.0012522697389,237.942857143,172.282759524,33312
32,EI-170,CookieTheft,119,0.00117129442799,225.369747899,202.576784586,26819
33,EI-170,PupilCalib,5,0.000442517036906,1320.0,349.284983931,6600
34,EO-094,EO-094_allsc,120,0.000323710149932,192.325,217.019387373,23079
35,EO-094,Reading,18,0.000295072292712,194.388888889,116.071549379,3499
36,EO-094,Memory,66,0.000279070947446,137.606060606,87.4176322274,9082
37,EO-094,CookieTheft,27,0.000429922613929,240.703703704,248.492967679,6499
38,EO-094,PupilCalib,9,0.000865467833446,444.333333333,552.371251967,3999
39,HH-053,HH-053_allsc,275,0.000757577844567,247.545454545,373.542765616,68075
40,HH-053,Reading,39,0.000730419148219,158.948717949,104.438082568,6199
41,HH-053,Memory,38,0.000478571338614,171.157894737,189.67903563,6504
42,HH-053,CookieTheft,191,0.000878989392301,236.460732984,272.312180135,45164
43,HH-053,PupilCalib,7,0.000542341365151,1458.28571429,1389.53741875,10208
44,EY-088,EY-088_allsc,375,0.000907781503044,269.453333333,255.731753539,101045
45,EY-088,Reading,49,0.000968322036243,273.12244898,254.184122296,13383
46,EY-088,Memory,130,0.000720640815987,232.169230769,234.384072879,30182
47,EY-088,CookieTheft,185,0.0010718548303,279.897297297,249.492474495,51781
48,EY-088,PupilCalib,11,0.00115801663333,518.090909091,440.022829986,5699
49,HL-062,HL-062_allsc,6,0.000124984376953,679.333333333,507.312395538,4076
50,HL-062,Memory,1,2.36417797532e-05,0.0,0.0,0
51,HL-062,PupilCalib,5,0.000875963559916,815.2,428.087841453,4076
52,EE-087,EE-087_allsc,65,0.000112260194953,407.830769231,455.238247008,26509
53,EE-087,Reading,13,6.72508871944e-05,269.230769231,179.743406855,3500
54,EE-087,Memory,1,5.23818004672e-06,2200.0,0.0,2200
55,EE-087,CookieTheft,44,0.000243901087023,327.477272727,388.977340683,14409
56,EE-087,PupilCalib,7,0.000486144871172,914.285714286,371.611676479,6400
57,HI-131,HI-131_allsc,116,0.000907029478458,283.629310345,595.703129013,32901
58,HI-131,Reading,55,0.00114832136295,192.654545455,134.428587428,10596
59,HI-131,Memory,21,0.000552660666351,452.571428571,1298.567887,9504
60,HI-131,CookieTheft,25,0.000783748197379,312.12,400.133032045,7803
61,HI-131,PupilCalib,15,0.00148544266191,333.2,287.037628195,4998
62,EO-005,EO-005_allsc,121,0.000491270807958,304.231404959,268.466253631,36812
63,EO-005,Reading,27,0.000436871996505,192.851851852,177.830235316,5207
64,EO-005,Memory,6,8.01057395762e-05,150.166666667,83.7864348607,901
65,EO-005,CookieTheft,88,0.000802949012738,348.909090909,286.44799076,30704
66,EA-127,EA-127_allsc,229,0.000720368174197,270.759825328,288.437425109,62004
67,EA-127,Reading,50,0.000984348853234,283.98,286.647368517,14199
68,EA-127,Memory,45,0.00035574247407,244.111111111,230.393361471,10985
69,EA-127,CookieTheft,125,0.00095936144902,233.448,176.854617531,29181
70,EA-127,PupilCalib,9,0.000873192975648,848.777777778,829.6767108,7639
71,HU-153,HU-153_allsc,112,0.000563629775756,190.223214286,151.162087686,21305
72,HU-153,Reading,27,0.000603972798855,144.407407407,80.0856557113,3899
73,HU-153,Memory,13,0.000215588723051,169.153846154,118.262311659,2199
74,HU-153,CookieTheft,58,0.000710784313725,182.879310345,145.195944749,10607
75,HU-153,PupilCalib,14,0.00115626032375,328.571428571,226.43651319,4600
76,EA-152,EA-152_allsc,110,0.000306574062719,190.072727273,140.649848856,20908
77,EA-152,Reading,33,0.000197953283025,166.666666667,107.817747457,5500
78,EA-152,Memory,25,0.00027381956386,220.0,173.205080757,5500
79,EA-152,CookieTheft,35,0.000395489163597,148.8,100.982467902,5208
80,EA-152,PupilCalib,17,0.00138222619725,276.470588235,175.105010511,4700
81,HI-120,HI-120_allsc,120,0.000656846806903,195.833333333,154.184672277,23500
82,HI-120,Reading,11,0.000200364298725,109.090909091,30.3626564894,1200
83,HI-120,Memory,38,0.00102436920423,252.631578947,202.333471206,9600
84,HI-120,CookieTheft,56,0.000697419547674,160.714285714,92.8834488213,9000
85,HI-120,PupilCalib,15,0.00144244638908,246.666666667,192.230020945,3700
86,HA-068,HA-068_allsc,90,0.000552869700897,222.1,206.545642044,19989
87,HA-068,Reading,24,0.000491853673532,179.125,121.537724507,4299
88,HA-068,Memory,24,0.00040135121576,228.791666667,247.675976818,5491
89,HA-068,CookieTheft,29,0.000651758624565,168.965517241,107.249536382,4900
90,HA-068,PupilCalib,13,0.0013403443654,407.615384615,309.495163791,5299
91,HO-124,HO-124_allsc,64,0.000304030783117,268.9375,297.139317172,17212
92,HO-124,Reading,19,0.00037180540879,257.842105263,209.023460448,4899
93,HO-124,Memory,26,0.000309881649047,288.692307692,389.036838279,7506
94,HO-124,CookieTheft,19,0.000251655629139,253.0,232.724682356,4807
95,HO-162,HO-162_allsc,91,0.000589764029579,183.857142857,121.597932313,16731
96,HO-162,Reading,29,0.000485810969277,144.827586207,78.3135041108,4200
97,HO-162,Memory,8,0.000226641736076,176.0,104.919016389,1408
98,HO-162,CookieTheft,40,0.000824742268041,165.0,109.871953445,6600
99,HO-162,PupilCalib,14,0.00129545664847,323.071428571,147.006260613,4523
100,HE-030,HE-030_allsc,54,0.000267577089455,149.685185185,112.704794573,8083
101,HE-030,Reading,18,0.000332704890762,127.666666667,57.3041421355,2298
102,HE-030,Memory,8,0.000268411340379,161.5,141.323337472,1292
103,HE-030,CookieTheft,22,0.000205998295832,131.863636364,77.9696494398,2901
104,HE-030,PupilCalib,6,0.000540199873953,265.333333333,224.879226846,1592
105,EI-137,EI-137_allsc,121,0.000580611417412,242.223140496,190.86375977,29309
106,EI-137,Reading,43,0.000717911045813,218.651162791,170.771621893,9402
107,EI-137,Memory,35,0.00032679433432,217.142857143,182.282447746,7600
108,EI-137,CookieTheft,26,0.000935083618054,219.538461538,144.037003793,5708
109,EI-137,PupilCalib,17,0.00125009191852,388.176470588,259.425383129,6599
110,HO-075,HO-075_allsc,198,0.00113592684172,296.580808081,268.358331237,58723
111,HO-075,Reading,43,0.00094085727414,214.255813953,122.473727605,9213
112,HO-075,Memory,25,0.000746135020593,228.24,162.273503691,5706
113,HO-075,CookieTheft,121,0.00142690361915,297.553719008,247.519829186,36004
114,HO-075,PupilCalib,9,0.000873871249636,866.666666667,529.150262213,7800
115,EL-185,EL-185_allsc,159,0.000926595025525,267.320754717,387.679943042,42504
116,EL-185,Reading,50,0.000945143850894,228.0,173.777361669,11400
117,EL-185,Memory,40,0.000760427360176,230.175,201.530793919,9207
118,EL-185,CookieTheft,61,0.00111529601053,209.819672131,175.770732129,12799
119,EL-185,PupilCalib,8,0.000701877522372,1137.25,1333.14351923,9098
120,HA-092,HA-092_allsc,181,0.000655317485029,231.348066298,241.915814924,41874
121,HA-092,Reading,57,0.000996451235075,166.122807018,105.884045435,9469
122,HA-092,Memory,42,0.00030951082551,328.357142857,421.000308292,13791
123,HA-092,CookieTheft,74,0.00100814691698,209.662162162,119.520993402,15515
124,HA-092,PupilCalib,8,0.000808162440651,387.375,322.783845188,3099
125,EE-174,EE-174_allsc,163,0.000529047292933,417.987730061,1912.7092155,68132
126,EE-174,Reading,50,0.000426246558059,223.98,179.99472668,11199
127,EE-174,Memory,19,0.000442911091426,1494.68421053,5571.97084674,28399
128,EE-174,CookieTheft,81,0.000594709289946,285.320987654,227.090115767,23111
129,EE-174,PupilCalib,13,0.00111120608599,417.153846154,481.280210507,5423
130,HA-065,HA-065_allsc,39,0.000157638175924,213.051282051,200.238140948,8309
131,HA-065,Reading,2,4.85389767984e-05,100.0,0.0,200
132,HA-065,Memory,13,0.000187592894558,269.230769231,281.023769412,3500
133,HA-065,CookieTheft,19,0.000150197628458,189.894736842,159.534703552,3608
134,HA-065,PupilCalib,5,0.000480815463025,200.2,100.250685783,1001
135,HH-056,HH-056_allsc,100,0.000517322545434,224.23,195.761752489,22423
136,HH-056,Reading,32,0.000621335093783,219.25,170.464261698,7016
137,HH-056,Memory,27,0.000277786351431,181.444444444,175.510756482,4899
138,HH-056,CookieTheft,25,0.000766941743105,192.0,103.682608635,4800
139,HH-056,PupilCalib,16,0.00133255600899,356.75,313.800679838,5708
140,HR-102,HR-102_allsc,159,0.00065028813081,222.031446541,233.804078463,35303
141,HR-102,Reading,33,0.000604373466173,157.151515152,104.753019411,5186
142,HR-102,Memory,43,0.000455962505037,202.976744186,239.23314872,8728
143,HR-102,CookieTheft,70,0.000825471698113,219.857142857,213.068151696,15390
144,HR-102,PupilCalib,13,0.00120381516807,461.461538462,392.586851407,5999
145,EE-100,EE-100_allsc,67,0.000292962771865,311.895522388,296.12784577,20897
146,EE-100,Reading,20,0.000286944045911,260.35,142.648362287,5207
147,EE-100,Memory,12,0.00011278619497,291.583333333,260.96863564,3499
148,EE-100,CookieTheft,32,0.000730543570075,293.46875,252.580358899,9391
149,EE-100,PupilCalib,3,0.000340947834981,933.333333333,850.490054812,2800
150,HE-130,HE-130_allsc,200,0.0010460634019,313.87,277.000286813,62774
151,HE-130,Reading,73,0.00132722446456,282.506849315,210.639972154,20623
152,HE-130,Memory,42,0.000705965407695,202.380952381,135.193078258,8500
153,HE-130,CookieTheft,71,0.00111285266458,361.309859155,334.116557573,25653
154,HE-130,PupilCalib,14,0.00108543960304,571.285714286,375.136780915,7998
155,EA-123,EA-123_allsc,34,0.000217116438269,403.147058824,966.432525427,13707
156,EA-123,Reading,18,0.000339648275342,222.222222222,139.560889328,4000
157,EA-123,Memory,1,2.55767558443e-05,1808.0,0.0,1808
158,EA-123,CookieTheft,14,0.000283941102503,164.285714286,100.820807202,2300
159,EA-123,PupilCalib,1,6.57981313331e-05,5599.0,0.0,5599
160,EU-024,EU-024_allsc,62,0.000436601270369,237.193548387,199.006782874,14706
161,EU-024,Reading,23,0.000455454563457,204.260869565,236.430312122,4698
162,EU-024,Memory,9,0.000282974375098,178.666666667,111.337325278,1608
163,EU-024,CookieTheft,17,0.000357120349558,247.058823529,192.106894263,4200
164,EU-024,PupilCalib,13,0.00107446896438,323.076923077,169.085018821,4200
165,HA-089,HA-089_allsc,232,0.000932127460395,242.702586207,496.152855228,56307
166,HA-089,Reading,39,0.000744246402809,164.076923077,115.849354226,6399
167,HA-089,Memory,64,0.000900203952458,220.0,207.675647593,14080
168,HA-089,CookieTheft,124,0.00108679456953,212.330645161,140.558162701,26329
169,HA-089,PupilCalib,5,0.000442517036906,1899.8,3045.0451885,9499
170,EO-143,EO-143_allsc,160,0.000985233808298,367.39375,336.161893778,58783
171,EO-143,Reading,7,0.00140028005601,428.428571429,474.753219102,2999
172,EO-143,Memory,49,0.00100200400802,320.183673469,248.231467374,15689
173,EO-143,CookieTheft,93,0.000957795217203,358.032258065,285.641971539,33297
174,EO-143,PupilCalib,11,0.000964996929555,618.0,729.180224636,6798
175,HO-106,HO-106_allsc,159,0.000721438521187,245.232704403,341.879544169,38992
176,HO-106,Reading,65,0.00119498474096,193.815384615,101.29765735,12598
177,HO-106,Memory,59,0.000459133249807,194.881355932,168.597468458,11498
178,HO-106,CookieTheft,27,0.00101515208482,255.444444444,180.405810356,6897
179,HO-106,PupilCalib,8,0.000734012294706,999.875,1220.98326156,7999
180,EA-109,EA-109_allsc,159,0.000639831309884,296.194968553,340.667930633,47095
181,EA-109,Reading,86,0.000706052346393,266.23255814,250.060495006,22896
182,EA-109,Memory,16,0.000326503958861,237.4375,202.743834678,3799
183,EA-109,CookieTheft,50,0.000772833361671,230.02,170.529845374,11501
184,EA-109,PupilCalib,7,0.000538544391445,1271.28571429,813.739252727,8899
185,EI-191,EI-191_allsc,160,0.000496302546032,326.69375,369.027670161,52271
186,EI-191,Reading,35,0.000675753948334,237.142857143,197.194759335,8300
187,EI-191,Memory,54,0.000380834167877,234.851851852,197.445708555,12682
188,EI-191,CookieTheft,60,0.000515920445067,363.283333333,415.780177076,21797
189,EI-191,PupilCalib,11,0.000880070405632,862.909090909,639.197223796,9492
190,EE-093,EE-093_allsc,58,0.000380325374916,360.25862069,695.380763054,20895
191,EE-093,Reading,23,0.00039244458853,382.52173913,707.909076697,8798
192,EE-093,Memory,8,0.000196088043532,187.375,124.513840309,1499
193,EE-093,CookieTheft,24,0.000576964684953,216.625,180.887621251,5199
194,EE-093,PupilCalib,3,0.0002608922515,1799.66666667,2087.48660674,5399
195,HE-022,HE-022_allsc,32,0.000194768043433,205.90625,166.360541106,6589
196,HE-022,Reading,10,0.000165291988297,209.8,159.457970777,2098
197,HE-022,Memory,3,7.14370758424e-05,133.333333333,57.735026919,400
198,HE-022,CookieTheft,17,0.00033532556167,194.117647059,167.595451293,3300
199,HE-022,PupilCalib,2,0.000180066624651,395.5,287.792459943,791
200,HA-154,HA-154_allsc,46,0.000315269315386,186.956521739,183.522926999,8600
201,HA-154,Reading,17,0.00026274303731,117.176470588,53.0615624701,1992
202,HA-154,Memory,11,0.000484453448428,237.090909091,272.640956038,2608
203,HA-154,CookieTheft,7,0.000144628099174,185.714285714,89.9735410842,1300
204,HA-154,PupilCalib,11,0.00108921675413,245.454545455,230.347721342,2700
205,EA-194,EA-194_allsc,172,0.000755114584248,273.215116279,291.535670239,46993
206,EA-194,Reading,40,0.000845773248192,185.0,125.166760559,7400
207,EA-194,Memory,66,0.000527603242362,337.833333333,311.693467928,22297
208,EA-194,CookieTheft,53,0.00123273014839,165.981132075,103.688418344,8797
209,EA-194,PupilCalib,13,0.00104855621874,653.769230769,575.167823892,8499
210,HI-052,HI-052_allsc,59,0.000371080851599,306.881355932,347.190700095,18106
211,HI-052,Reading,14,0.000296014377841,157.142857143,93.7614461877,2200
212,HI-052,Memory,2,3.67653817166e-05,150.0,70.7106781187,300
213,HI-052,CookieTheft,30,0.000643735381842,330.233333333,386.735736499,9907
214,HI-052,PupilCalib,13,0.00121518040755,438.384615385,401.086760868,5699
215,EO-021,EO-021_allsc,54,0.000306790291792,276.166666667,281.343994775,14913
216,EO-021,Reading,20,0.000345405246706,394.95,376.220186789,7899
217,EO-021,Memory,8,0.000147318797879,188.5,189.211144341,1508
218,EO-021,CookieTheft,24,0.000446080071373,183.625,137.074658331,4407
219,EO-021,PupilCalib,2,0.000199860097931,549.5,352.846283812,1099
220,HA-181,HA-181_allsc,156,0.000608664099353,303.16025641,276.051736544,47293
221,HA-181,Reading,34,0.000537966171421,285.294117647,227.1461323,9700
222,HA-181,Memory,6,0.000194811519855,398.666666667,397.203558225,2392
223,HA-181,CookieTheft,105,0.000711859580613,253.352380952,229.097727759,26602
224,HA-181,PupilCalib,11,0.000743343695094,781.727272727,318.79902475,8599
225,HO-033,HO-033_allsc,107,0.000476383404049,214.682242991,185.482216924,22971
226,HO-033,Reading,45,0.000853841337305,161.977777778,100.771002523,7289
227,HO-033,Memory,22,0.000214636240354,149.954545455,101.207226014,3299
228,HO-033,CookieTheft,25,0.000428816466552,251.96,245.17892786,6299
229,HO-033,PupilCalib,15,0.00135049968488,405.6,230.451978264,6084
230,EA-063,EA-063_allsc,106,0.000642770949179,242.273584906,201.60685613,25681
231,EA-063,Reading,33,0.000615637184486,203.03030303,152.092176995,6700
232,EA-063,Memory,12,0.000289806071437,132.666666667,86.6480166413,1592
233,EA-063,CookieTheft,57,0.00093286635462,271.754385965,199.847734958,15490
234,EA-063,PupilCalib,4,0.000454597113308,474.75,499.216302485,1899
235,EY-035,EY-035_allsc,72,0.000303802595824,236.0,176.367094756,16992
236,EY-035,Reading,23,0.000192629815745,182.608695652,83.4057656228,4200
237,EY-035,Memory,7,0.000210843373494,185.714285714,121.498579259,1300
238,EY-035,CookieTheft,27,0.00037816714988,225.62962963,163.384432962,6092
239,EY-035,PupilCalib,15,0.00115393491807,360.0,261.315354095,5400
240,EA-007,EA-007_allsc,63,0.000331573711994,265.047619048,259.352943513,16698
241,EA-007,Reading,26,0.000461811722913,223.038461538,212.113268,5799
242,EA-007,Memory,13,0.00013889037276,138.384615385,65.094211803,1799
243,EA-007,CookieTheft,12,0.00042246083436,191.666666667,146.874921019,2300
244,EA-007,PupilCalib,12,0.00102572869476,566.666666667,349.891758154,6800
245,HL-074,HL-074_allsc,78,0.000605566554093,225.576923077,251.408165012,17595
246,HL-074,Reading,36,0.000779170183754,177.583333333,122.308129621,6393
247,HL-074,Memory,6,0.000120469832346,517.5,735.14454361,3105
248,HL-074,CookieTheft,24,0.00106676148991,174.875,103.00962914,4197
249,HL-074,PupilCalib,12,0.00116516166618,325.0,237.88843833,3900
250,HO-193,HO-193_allsc,254,0.00105741250328,394.948818898,462.71478651,100317
251,HO-193,Reading,111,0.00120774260938,320.891891892,257.95004278,35619
252,HO-193,Memory,47,0.00109820781831,406.489361702,497.75774937,19105
253,HO-193,CookieTheft,88,0.000940110676666,429.488636364,456.556249617,37795
254,HO-193,PupilCalib,8,0.000672325405496,974.75,1409.57447986,7798
255,EO-080,EO-080_allsc,47,0.000469539850946,291.574468085,272.41797686,13704
256,EO-080,Reading,1,3.28979833536e-05,100.0,0.0,100
257,EO-080,Memory,6,0.000209022818324,283.333333333,278.687399548,1700
258,EO-080,CookieTheft,23,0.000836454885988,222.0,231.294184968,5106
259,EO-080,PupilCalib,17,0.00125935254463,399.882352941,306.247629042,6798
260,EI-023,EI-023_allsc,274,0.00112479474548,294.273722628,497.587618035,80631
261,EI-023,Reading,41,0.000763472496369,237.292682927,208.12487164,9729
262,EI-023,Memory,91,0.00110033614665,271.483516484,216.257838015,24705
263,EI-023,CookieTheft,140,0.00145534684034,253.614285714,196.790235827,35506
264,EI-023,PupilCalib,2,0.000181834712247,5345.5,2196.98076915,10691
265,EA-184,EA-184_allsc,162,0.000642844388008,308.709876543,367.266462444,50011
266,EA-184,Reading,52,0.000910667063624,201.903846154,151.265285679,10499
267,EA-184,Memory,19,0.000321483562038,442.052631579,492.555746838,8399
268,EA-184,CookieTheft,78,0.000653238976592,233.512820513,181.286366246,18214
269,EA-184,PupilCalib,13,0.000792779607269,992.230769231,719.155541109,12899
270,HA-027,HA-027_allsc,136,0.00116633077484,251.455882353,372.511254966,34198
271,HA-027,Reading,59,0.00129114145658,176.271186441,93.4750253403,10400
272,HA-027,Memory,21,0.00110485610565,167.428571429,96.1189738962,3516
273,HA-027,CookieTheft,50,0.00123140577283,235.66,158.981145076,11783
274,HA-027,PupilCalib,6,0.000531067445566,1416.5,1277.8863408,8499
275,HI-041,HI-041_allsc,183,0.00104036384309,237.759562842,204.437252535,43510
276,HI-041,Reading,69,0.00117944685652,232.115942029,152.785849382,16016
277,HI-041,Memory,48,0.000770527329641,195.791666667,148.664402632,9398
278,HI-041,CookieTheft,50,0.00120180751851,227.94,218.574734802,11397
279,HI-041,PupilCalib,16,0.00118527298318,418.6875,367.352096088,6699
280,EO-026,EO-026_allsc,43,0.000252033854594,258.488372093,289.261405265,11115
281,EO-026,Reading,7,0.000152828417353,114.285714286,37.7964473009,800
282,EO-026,Memory,5,9.07424547649e-05,120.0,44.72135955,600
283,EO-026,CookieTheft,22,0.000377352017976,177.636363636,119.972435507,3908
284,EO-026,PupilCalib,9,0.000788989217147,645.222222222,427.793693788,5807
285,HI-034,HI-034_allsc,195,0.000848589817793,227.682051282,191.815690735,44398
286,HI-034,Reading,35,0.000786605236543,205.771428571,132.624876939,7202
287,HI-034,Memory,77,0.000688748356396,190.571428571,146.348037637,14674
288,HI-034,CookieTheft,68,0.00109851054893,215.044117647,145.98767417,14623
289,HI-034,PupilCalib,15,0.00129321493232,526.6,378.925887967,7899
290,HA-066,HA-066_allsc,146,0.000647441497452,283.993150685,382.157712462,41463
291,HA-066,Reading,27,0.000532544378698,237.0,186.241984856,6399
292,HA-066,Memory,56,0.00072074854885,258.892857143,214.669952047,14498
293,HA-066,CookieTheft,58,0.000669761426361,253.155172414,302.888190923,14683
294,HA-066,PupilCalib,5,0.000475827940617,1176.6,1447.15161611,5883
295,EU-015,EU-015_allsc,88,0.000425929421559,260.113636364,225.975506343,22890
296,EU-015,Reading,9,0.000150245400821,166.666666667,132.287565553,1500
297,EU-015,Memory,5,0.000101818478017,179.8,83.607415939,899
298,EU-015,CookieTheft,64,0.000746799845973,240.484375,207.240140761,15391
299,EU-015,PupilCalib,10,0.00084040675687,510.0,299.814757624,5100
300,HE-012,HE-012_allsc,144,0.000806320658047,243.694444444,231.353732063,35092
301,HE-012,Reading,58,0.000892403797332,227.534482759,178.425395045,13197
302,HE-012,Memory,26,0.000604721479242,146.115384615,81.0700077331,3799
303,HE-012,CookieTheft,49,0.000844783890488,204.020408163,130.778038707,9997
304,HE-012,PupilCalib,11,0.000873154468963,736.272727273,429.57283222,8099
305,HO-188,HO-188_allsc,179,0.00103002612468,328.636871508,441.350515474,58826
306,HO-188,Reading,51,0.000876379008145,190.803921569,130.195548251,9731
307,HO-188,Memory,62,0.00121819432164,208.032258065,156.068602795,12898
308,HO-188,CookieTheft,61,0.00113606734458,439.31147541,402.528116657,26798
309,HO-188,PupilCalib,5,0.000454586780616,1879.8,1411.48510442,9399
310,HA-039,HA-039_allsc,149,0.000857751424788,219.805369128,176.414425999,32751
311,HA-039,Reading,49,0.00114743349569,217.142857143,173.952100687,10640
312,HA-039,Memory,21,0.000404624277457,186.095238095,179.499834195,3908
313,HA-039,CookieTheft,66,0.000972031988689,196.909090909,117.628715394,12996
314,HA-039,PupilCalib,13,0.00115998929241,400.538461538,306.375209883,5207
315,HA-128,HA-128_allsc,491,0.000918259906827,244.077393075,259.02057699,119842
316,HA-128,Reading,43,0.000893915140428,218.744186047,153.132854399,9406
317,HA-128,Memory,334,0.000852247355864,220.146706587,223.423269584,73529
318,HA-128,CookieTheft,102,0.00122448979592,288.303921569,266.351245398,29407
319,HA-128,PupilCalib,12,0.00105272392315,625.0,735.001546071,7500
320,EA-049,EA-049_allsc,117,0.000420858767711,221.333333333,368.302209118,25896
321,EA-049,Reading,18,0.000379794910748,144.333333333,142.379773844,2598
322,EA-049,Memory,34,0.000351214271695,188.0,175.287815269,6392
323,EA-049,CookieTheft,56,0.000455306762932,146.535714286,87.2607303713,8206
324,EA-049,PupilCalib,9,0.000832716506292,966.666666667,1030.78416752,8700
325,EH-061,EH-061_allsc,163,0.000707797057649,269.779141104,296.201591858,43974
326,EH-061,Reading,32,0.000440771349862,180.71875,105.438327602,5783
327,EH-061,Memory,52,0.00107451336943,278.826923077,366.907891479,14499
328,EH-061,CookieTheft,74,0.000745224020383,259.351351351,227.276756788,19192
329,EH-061,PupilCalib,5,0.000500050005001,900.0,494.974746831,4500
330,HE-099,HE-099_allsc,128,0.000419263864368,253.1484375,388.02193886,32403
331,HE-099,Reading,33,0.000924473330345,166.666666667,81.6496580928,5500
332,HE-099,Memory,72,0.00032461384478,280.611111111,455.865545892,20204
333,HE-099,CookieTheft,22,0.000555555555556,213.590909091,191.004527269,4699
334,HE-099,PupilCalib,1,0.000121966093426,2000.0,0.0,2000
335,HS-085,HS-085_allsc,158,0.00103470180287,187.481012658,143.892374922,29622
336,HS-085,Reading,48,0.000921252135194,146.145833333,71.1671659839,7015
337,HS-085,Memory,21,0.00115397296406,209.523809524,122.085060121,4400
338,HS-085,CookieTheft,79,0.00110027855153,198.82278481,129.50019894,15707
339,HS-085,PupilCalib,10,0.000943396226415,250.0,374.907395973,2500
340,HU-048,HU-048_allsc,96,0.000410770751411,345.041666667,613.52753838,33124
341,HU-048,Reading,20,0.000414052957373,185.75,205.588724604,3715
342,HU-048,Memory,38,0.000299672725839,387.131578947,811.272946073,14711
343,HU-048,CookieTheft,28,0.000595744680851,242.821428571,289.882358459,6799
344,HU-048,PupilCalib,10,0.000862143288215,789.9,780.966701524,7899
345,HL-111,HL-111_allsc,139,0.000562748479769,311.532374101,329.870864109,43303
346,HL-111,Reading,42,0.000601693336963,212.071428571,157.909111379,8907
347,HL-111,Memory,3,3.17124735729e-05,233.333333333,152.752523165,700
348,HL-111,CookieTheft,86,0.00119444444444,292.988372093,239.990955427,25197
349,HL-111,PupilCalib,8,0.000754788187565,1062.375,763.2894859,8499
350,HP-138,HP-138_allsc,125,0.000775390952118,249.384,266.906948386,31173
351,HP-138,Reading,42,0.000865907966353,173.380952381,116.963398982,7282
352,HP-138,Memory,21,0.000491757212439,133.333333333,57.735026919,2800
353,HP-138,CookieTheft,54,0.000909060301,294.296296296,253.708615336,15892
354,HP-138,PupilCalib,8,0.000754788187565,649.875,641.104056074,5199
355,EO-166,EO-166_allsc,120,0.000493847483436,303.358333333,315.874743706,36403
356,EO-166,Reading,40,0.000616399303469,220.175,219.695813891,8807
357,EO-166,Memory,23,0.000434790827804,221.782608696,185.728040797,5101
358,EO-166,CookieTheft,42,0.000375674201021,354.69047619,392.736086406,14897
359,EO-166,PupilCalib,15,0.00111948652885,506.533333333,353.408073856,7598
360,EA-141,EA-141_allsc,134,0.000636238028992,248.5,267.470123411,33299
361,EA-141,Reading,23,0.000430687414565,200.0,130.336627099,4600
362,EA-141,Memory,86,0.000725701652237,240.697674419,232.31718023,20700
363,EA-141,CookieTheft,16,0.00069878149976,193.75,106.262254195,3100
364,EA-141,PupilCalib,9,0.000569368001518,544.333333333,660.420320705,4899
365,HI-148,HI-148_allsc,79,0.000647042442708,231.518987342,332.588637145,18290
366,HI-148,Reading,33,0.000597804427376,166.424242424,73.837249366,5492
367,HI-148,Memory,11,0.000506959166743,163.545454545,102.753456036,1799
368,HI-148,CookieTheft,25,0.000741927825261,176.0,136.259862028,4400
369,HI-148,PupilCalib,10,0.00086971647243,659.9,802.739815327,6599
370,HO-038,HO-038_allsc,299,0.00108688935176,309.725752508,319.103702357,92608
371,HO-038,Reading,45,0.00101800742014,195.911111111,157.848002582,8816
372,HO-038,Memory,123,0.00125001270338,341.43902439,300.991562061,41997
373,HO-038,CookieTheft,125,0.00102547274293,279.968,263.616991718,34996
374,HO-038,PupilCalib,6,0.000566091140674,1133.16666667,968.772505115,6799
375,ER-167,ER-167_allsc,187,0.00103084258979,251.609625668,320.159826541,47051
376,ER-167,Reading,100,0.00104267675978,207.47,138.245313728,20747
377,ER-167,Memory,25,0.000902364194189,140.28,64.3891295173,3507
378,ER-167,CookieTheft,55,0.00117533924565,252.690909091,223.470345429,13898
379,ER-167,PupilCalib,7,0.000636479359884,1271.28571429,1048.35024591,8899
380,HA-103,HA-103_allsc,163,0.000580686991899,215.914110429,183.557015019,35194
381,HA-103,Reading,26,0.000561518692093,169.576923077,88.1363366958,4409
382,HA-103,Memory,62,0.000683579752809,187.048387097,121.659215982,11597
383,HA-103,CookieTheft,61,0.000461446521374,221.262295082,174.252011145,13497
384,HA-103,PupilCalib,14,0.00121665073434,406.5,384.473416106,5691
385,HO-158,HO-158_allsc,196,0.000640129593583,226.37244898,180.732637372,44369
386,HO-158,Reading,37,0.000618708404401,226.756756757,198.907070067,8390
387,HO-158,Memory,95,0.000711642470823,174.621052632,121.427955958,16589
388,HO-158,CookieTheft,50,0.000488309861906,263.84,184.428887905,13192
389,HO-158,PupilCalib,14,0.00133358734997,442.714285714,264.961369774,6198
390,EO-054,EO-054_allsc,83,0.000569269072229,265.036144578,494.857073374,21998
391,EO-054,Reading,37,0.000694248991463,178.378378378,97.5680250877,6600
392,EO-054,Memory,25,0.000589594830433,163.68,131.888437704,4092
393,EO-054,CookieTheft,17,0.000419701271448,247.470588235,200.055654021,4207
394,EO-054,PupilCalib,4,0.000416710073966,1774.75,1734.26744862,7099
395,HA-016,HA-016_allsc,158,0.000715297867235,225.955696203,297.327337787,35701
396,HA-016,Reading,81,0.000846403828671,158.086419753,92.1749962749,12805
397,HA-016,Memory,28,0.000387843865141,171.428571429,130.120009726,4800
398,HA-016,CookieTheft,40,0.000959347643602,234.925,171.734348744,9397
399,HA-016,PupilCalib,9,0.000796530666431,966.555555556,880.080551869,8699
400,EE-031,EE-031_allsc,14,0.000182996967479,207.142857143,181.719503692,2900
401,EE-031,CookieTheft,14,0.000182996967479,207.142857143,181.719503692,2900
402,HU-079,HU-079_allsc,197,0.000947183691132,226.878172589,196.444740583,44695
403,HU-079,Reading,50,0.000919219031511,189.98,168.133874017,9499
404,HU-079,Memory,66,0.000721327242126,181.893939394,132.256060357,12005
405,HU-079,CookieTheft,68,0.0013387144404,257.25,185.496218331,17493
406,HU-079,PupilCalib,13,0.00115064613206,438.307692308,396.938782983,5698
407,HI-042,HI-042_allsc,119,0.00052584366977,218.453781513,190.121849773,25996
408,HI-042,Reading,35,0.000516239417092,156.914285714,142.115398724,5492
409,HI-042,Memory,8,0.000159036240383,150.0,53.4522483825,1200
410,HI-042,CookieTheft,71,0.000733448343543,246.521126761,190.505557411,17503
411,HI-042,PupilCalib,5,0.00043863496798,360.2,415.836746813,1801
412,HA-0002,HA-0002_allsc,122,0.00105623133198,236.581967213,247.14534955,28863
413,HA-0002,Reading,52,0.00099802314646,217.403846154,154.613529532,11305
414,HA-0002,Memory,26,0.000817481528062,161.5,106.143770425,4199
415,HA-0002,CookieTheft,30,0.0015229972586,196.666666667,132.569652046,5900
416,HA-0002,PupilCalib,14,0.00117656945962,532.785714286,550.417488901,7459
417,EI-112,EI-112_allsc,81,0.000543281419775,269.320987654,381.94275838,21815
418,EI-112,Reading,29,0.000577746787529,169.24137931,76.2409972074,4908
419,EI-112,Memory,13,0.000219583467054,207.769230769,272.491025493,2701
420,EI-112,CookieTheft,31,0.00106907611132,232.193548387,135.039850749,7198
421,EI-112,PupilCalib,8,0.000747733433031,876.0,981.446163286,7008
422,HL-060,HL-060_allsc,181,0.000881190239723,250.320441989,280.01064875,45308
423,HL-060,Reading,62,0.000915791494956,211.403225806,147.303796672,13107
424,HL-060,Memory,29,0.000564169406455,151.689655172,79.2027702655,4399
425,HL-060,CookieTheft,84,0.00111111111111,233.357142857,200.689512807,19602
426,HL-060,PupilCalib,6,0.000560747663551,1366.66666667,527.888877195,8200
427,EU-161,EU-161_allsc,167,0.000765735404029,248.51497006,307.065431124,41502
428,EU-161,Reading,44,0.000626798484287,222.681818182,142.793194536,9798
429,EU-161,Memory,14,0.000487821875327,214.285714286,183.374953651,3000
430,EU-161,CookieTheft,102,0.000923118693154,234.362745098,188.580617486,23905
431,EU-161,PupilCalib,7,0.000804690194275,685.571428571,1247.8610843,4799
432,HA-058,HA-058_allsc,115,0.000622668377651,214.686956522,227.190868254,24689
433,HA-058,Reading,34,0.00055022413542,182.352941176,135.89342579,6200
434,HA-058,Memory,15,0.000450436923816,206.666666667,225.092573548,3100
435,HA-058,CookieTheft,53,0.000674334571734,160.188679245,108.041312719,8490
436,HA-058,PupilCalib,13,0.0011819256296,530.692307692,453.353685441,6899
437,HH-076,HH-076_allsc,178,0.000859081651367,278.533707865,266.177315457,49579
438,HH-076,CookieTheft,167,0.0008507429992,278.317365269,256.764204094,46479
439,HH-076,PupilCalib,11,0.00100926690522,281.818181818,399.545195987,3100
440,HO-032,HO-032_allsc,179,0.000634088453568,262.480446927,274.889300309,46984
441,HO-032,Reading,61,0.000640097378749,239.360655738,194.96803437,14601
442,HO-032,Memory,43,0.000513739545998,244.255813953,242.480052496,10503
443,HO-032,CookieTheft,68,0.000737535114264,214.558823529,127.30166105,14590
444,HO-032,PupilCalib,7,0.000630744278248,1041.42857143,726.183369208,7290
445,EI-096,EI-096_allsc,84,0.000403646271318,207.130952381,197.991710899,17399
446,EI-096,Reading,19,0.000282313784342,163.157894737,125.65661461,3100
447,EI-096,Memory,26,0.00036063027075,161.5,105.992924292,4199
448,EI-096,CookieTheft,36,0.00062609784518,213.888888889,186.82180628,7700
449,EI-096,PupilCalib,3,0.000267689836709,800.0,400.0,2400
450,EA-135,EA-135_allsc,38,0.000110306710712,257.973684211,198.295505236,9803
451,EA-135,Reading,15,0.000105709735162,307.6,190.349978423,4614
452,EA-135,Memory,1,1.01215599348e-05,900.0,0.0,900
453,EA-135,CookieTheft,9,0.000101238484122,187.888888889,162.22857674,1691
454,EA-135,PupilCalib,13,0.00087260034904,199.846153846,129.035425468,2598
455,EH-173,EH-173_allsc,83,0.000610330019413,398.855421687,424.935579982,33105
456,EH-173,Reading,45,0.000807986497648,337.755555556,296.381829553,15199
457,EH-173,Memory,21,0.000531712875047,504.714285714,566.141955949,10599
458,EH-173,CookieTheft,5,0.000167757087737,221.6,164.112156771,1108
459,EH-173,PupilCalib,12,0.00109110747409,516.583333333,579.725712312,6199
460,HI-134,HI-134_allsc,417,0.000967288483932,240.285371703,236.009946421,100199
461,HI-134,Reading,66,0.00119993454902,202.772727273,127.975453831,13383
462,HI-134,Memory,241,0.000905324132335,255.20746888,243.585915939,61505
463,HI-134,CookieTheft,103,0.00103416769581,183.601941748,135.066021605,18911
464,HI-134,PupilCalib,7,0.000679677638606,914.285714286,625.64252687,6400
465,HR-107,HR-107_allsc,261,0.000877594114403,220.360153257,233.923361427,57514
466,HR-107,Reading,44,0.000934123091947,190.522727273,127.014463311,8383
467,HR-107,Memory,141,0.000874678974206,186.624113475,133.750542803,26314
468,HR-107,CookieTheft,68,0.000856423173804,237.014705882,172.119837864,16117
469,HR-107,PupilCalib,8,0.000824827301784,837.5,908.58995938,6700
470,HI-132,HI-132_allsc,315,0.000983173684654,250.815873016,304.518233484,79007
471,HI-132,Reading,54,0.00115150868963,224.018518519,178.951399615,12097
472,HI-132,Memory,140,0.000841862199185,213.007142857,187.564799217,29821
473,HI-132,CookieTheft,112,0.00116911450015,250.785714286,246.419382814,28088
474,HI-132,PupilCalib,9,0.000789542942363,1000.11111111,1145.54576998,9001
475,HI-144,HI-144_allsc,156,0.000732401243204,285.980769231,322.94942121,44613
476,HI-144,Reading,55,0.00110435114351,189.236363636,118.051301409,10408
477,HI-144,Memory,6,8.34527170814e-05,599.833333333,1035.47098784,3599
478,HI-144,CookieTheft,84,0.00104090509176,285.797619048,259.34866422,24007
479,HI-144,PupilCalib,11,0.0010378337579,599.909090909,477.472607496,6599
480,HE-078,HE-078_allsc,123,0.000662344375996,262.577235772,269.991773042,32297
481,HE-078,Reading,24,0.000528587789622,158.666666667,88.658929596,3808
482,HE-078,Memory,47,0.000556885234247,218.787234043,160.660313566,10283
483,HE-078,CookieTheft,42,0.000935516204477,273.785714286,168.301346416,11499
484,HE-078,PupilCalib,10,0.000908512764604,670.7,694.710819134,6707
485,EI-037,EI-037_allsc,83,0.000774926008571,278.78313253,357.811063654,23139
486,EI-037,Reading,35,0.000790014220256,200.885714286,176.587717151,7031
487,EI-037,Memory,1,0.000105252078729,300.0,0.0,300
488,EI-037,CookieTheft,45,0.00103916497321,277.955555556,253.152662848,12508
489,EI-037,PupilCalib,2,0.000200020002,1650.0,1626.34559673,3300
490,ER-017,ER-017_allsc,102,0.000447582396848,331.352941176,496.30784616,33798
491,ER-017,Reading,4,0.00014287245062,1325.25,2187.39195924,5301
492,ER-017,Memory,1,1.27066417616e-05,100.0,0.0,100
493,ER-017,CookieTheft,97,0.000800363051281,292.75257732,257.694911302,28397
494,HA-006,HA-006_allsc,42,0.000211678611388,171.047619048,95.8283405254,7184
495,HA-006,Reading,8,0.000217953957227,123.0,71.6100551599,984
496,HA-006,Memory,3,5.2265718915e-05,133.333333333,57.735026919,400
497,HA-006,CookieTheft,20,0.000214125884608,159.6,68.4492897199,3192
498,HA-006,PupilCalib,11,0.00100852663427,237.090909091,130.991186379,2608
499,ER-129,ER-129_allsc,51,0.000325884841243,211.764705882,185.09139237,10800
500,ER-129,Reading,11,0.000198936593482,145.454545455,82.0199532265,1600
501,ER-129,Memory,3,6.99317000396e-05,266.666666667,208.166599947,800
502,ER-129,CookieTheft,20,0.00041662326841,220.0,182.381901226,4400
503,ER-129,PupilCalib,17,0.00165064569376,235.294117647,231.68183051,4000
504,EL-003,EL-003_allsc,63,0.000273325986794,269.904761905,305.514041401,17004
505,EL-003,Reading,40,0.000311274357218,230.15,233.276830155,9206
506,EL-003,Memory,1,2.21744240193e-05,100.0,0.0,100
507,EL-003,CookieTheft,21,0.000455590749338,295.142857143,319.852041687,6198
508,EL-003,PupilCalib,1,9.26011667747e-05,1500.0,0.0,1500
509,HR-047,HR-047_allsc,43,0.00027739608936,209.139534884,174.437952046,8993
510,HR-047,Reading,20,0.000268824430764,139.6,60.131785097,2792
511,HR-047,Memory,3,8.40194925223e-05,130.666666667,60.1775151808,392
512,HR-047,CookieTheft,11,0.000316984611838,236.454545455,206.199594392,2601
513,HR-047,PupilCalib,9,0.000881747820123,356.444444444,239.319405351,3208
514,HR-110,HR-110_allsc,205,0.00103957483925,267.658536585,270.156872525,54870
515,HR-110,Reading,19,0.000386155315733,321.473684211,227.657483568,6108
516,HR-110,Memory,89,0.00131670439247,189.516853933,129.883349094,16867
517,HR-110,CookieTheft,89,0.00128055711429,268.494382022,248.31683956,23896
518,HR-110,PupilCalib,8,0.000734012294706,999.875,555.183479967,7999
519,EL-156,EL-156_allsc,538,0.000791075259489,248.128252788,243.149233247,133493
520,EL-156,Reading,45,0.000657001445403,186.666666667,107.871977994,8400
521,EL-156,Memory,266,0.000775514726033,230.443609023,219.691581877,61298
522,EL-156,CookieTheft,213,0.000829772065899,266.647887324,253.793172659,56796
523,EL-156,PupilCalib,14,0.00117656945962,499.928571429,524.56582256,6999
524,HR-133,HR-133_allsc,16,0.000209673826154,231.1875,208.844190327,3699
525,HR-133,Reading,15,0.000303625285914,233.266666667,216.002799805,3499
526,HR-133,CookieTheft,1,3.71664312793e-05,200.0,0.0,200
527,HA-192,HA-192_allsc,236,0.0010620966508,341.872881356,382.737364462,80682
528,HA-192,Reading,89,0.00121251754063,243.617977528,187.034422307,21682
529,HA-192,Memory,54,0.000876580686006,331.462962963,476.924135139,17899
530,HA-192,CookieTheft,88,0.00114884006319,406.840909091,380.648807471,35802
531,HA-192,PupilCalib,5,0.000471742617228,1059.8,847.307618283,5299
532,HH-029,HH-029_allsc,129,0.00043186565965,333.286821705,1261.28411868,42994
533,HH-029,Reading,21,0.000325576347654,190.761904762,140.761111377,4006
534,HH-029,Memory,74,0.000404150737302,413.378378378,1659.22839554,30590
535,HH-029,CookieTheft,26,0.00063266497956,265.307692308,197.879714823,6898
536,HH-029,PupilCalib,8,0.000799440391726,187.5,112.599162646,1500
537,EO-083,EO-083_allsc,47,0.000259108776069,159.361702128,111.749608604,7490
538,EO-083,Reading,18,0.000356470937717,138.833333333,77.7842037495,2499
539,EO-083,Memory,10,0.000133168204759,170.0,125.166555703,1700
540,EO-083,CookieTheft,9,0.000201771101894,132.444444444,71.230455409,1192
541,EO-083,PupilCalib,10,0.000893016610109,209.9,166.406764019,2099
542,EO-182,EO-182_allsc,99,0.000795794347449,318.070707071,317.406526576,31489
543,EO-182,Reading,41,0.000585705918487,246.292682927,212.104837746,10098
544,EO-182,CookieTheft,47,0.00111894105323,291.319148936,287.643356046,13692
545,EO-182,PupilCalib,11,0.000887168320026,699.909090909,491.833397513,7699
546,HA-177,HA-177_allsc,96,0.000598541056176,302.927083333,328.762247954,29081
547,HA-177,Reading,63,0.0010843000241,242.603174603,156.365529128,15284
548,HA-177,Memory,6,9.98452398782e-05,250.0,137.840487521,1500
549,HA-177,CookieTheft,15,0.000503406383193,193.333333333,133.452327854,2900
550,HA-177,PupilCalib,12,0.000967898048072,783.083333333,688.540545889,9397
551,HH-055,HH-055_allsc,161,0.0012668486942,266.472049689,210.421335126,42902
552,HH-055,Reading,46,0.00105034821327,217.347826087,158.195268561,9998
553,HH-055,Memory,51,0.00145311565091,282.490196078,174.337875695,14407
554,HH-055,CookieTheft,51,0.00135649120941,235.254901961,214.327491763,11998
555,HH-055,PupilCalib,13,0.00122664653708,499.923076923,323.959992782,6499
556,EA-073,EA-073_allsc,110,0.000684918712602,315.436363636,283.809359948,34698
557,EA-073,Reading,64,0.000653734971757,267.171875,203.912489376,17099
558,EA-073,Memory,21,0.000589920782066,309.523809524,309.684939745,6500
559,EA-073,CookieTheft,15,0.000881989768919,327.666666667,242.847296719,4915
560,EA-073,PupilCalib,10,0.000990197049213,618.4,510.606436831,6184
561,EI-051,EI-051_allsc,119,0.000606520863808,223.470588235,336.12154338,26593
562,EI-051,Reading,41,0.000674319923687,188.024390244,137.632933523,7709
563,EI-051,Memory,28,0.000415430267062,178.0,117.02737888,4984
564,EI-051,CookieTheft,43,0.000727604995093,158.139534884,102.892820194,6800
565,EI-051,PupilCalib,7,0.000786428491181,1014.28571429,1086.93540352,7100
566,ER-040,ER-040_allsc,38,0.000144484494532,339.421052632,382.324019336,12898
567,ER-040,Reading,2,3.63616530007e-05,150.0,70.7106781187,300
568,ER-040,Memory,24,0.000186190845617,387.416666667,403.58188832,9298
569,ER-040,CookieTheft,11,0.000158723287592,172.818181818,101.031498239,1901
570,ER-040,PupilCalib,1,0.000102061645234,1399.0,0.0,1399
571,HO-072,HO-072_allsc,155,0.000873702129578,286.55483871,448.113681975,44416
572,HO-072,Reading,53,0.000929791937125,196.377358491,133.438004391,10408
573,HO-072,Memory,30,0.000627562547067,300.666666667,576.894022021,9020
574,HO-072,CookieTheft,66,0.00106792660432,246.818181818,207.440587164,16290
575,HO-072,PupilCalib,6,0.000555658455269,1449.66666667,1333.53675115,8698
576,EY-043,EY-043_allsc,194,0.000989245776583,273.12371134,301.911981743,52986
577,EY-043,Reading,65,0.000918066129009,210.584615385,137.012874886,13688
578,EY-043,Memory,50,0.000807663107565,258.32,375.666234842,12916
579,EY-043,CookieTheft,73,0.00139307660013,288.794520548,217.624929568,21082
580,EY-043,PupilCalib,6,0.00054550413674,883.333333333,842.417157154,5300
581,HA-077,HA-077_allsc,213,0.000403946155684,198.258215962,178.283254567,42229
582,HA-077,Reading,18,0.000417672173752,149.944444444,104.234166365,2699
583,HA-077,Memory,51,0.000218228498074,176.31372549,131.740880549,8992
584,HA-077,CookieTheft,139,0.000582067302055,208.913669065,192.086313706,29039
585,HA-077,PupilCalib,5,0.000427423491195,299.8,339.190506943,1499
586,HV-160,HV-160_allsc,93,0.000638766973687,226.860215054,351.055971983,21098
587,HV-160,Reading,30,0.000707480426375,146.666666667,104.166091952,4400
588,HV-160,Memory,18,0.000435877566835,155.555555556,109.664312508,2800
589,HV-160,CookieTheft,36,0.000705965407695,161.083333333,131.548877391,5799
590,HV-160,PupilCalib,9,0.000825763831544,899.888888889,843.830617548,8099
591,EH-164,EH-164_allsc,144,0.000683767177276,381.840277778,455.738771071,54985
592,EH-164,Reading,85,0.000929978118162,270.376470588,203.073583689,22982
593,EH-164,Memory,14,0.000447298635739,342.857142857,410.84207281,4800
594,EH-164,CookieTheft,40,0.000538365253907,505.05,601.936999429,20202
595,EH-164,PupilCalib,5,0.000367647058824,1400.2,872.037957889,7001
596,HA-113,HA-113_allsc,74,0.000638470431917,245.810810811,280.464960118,18190
597,HA-113,Reading,30,0.000618518442158,179.466666667,137.600053462,5384
598,HA-113,Memory,8,0.000382793435093,112.5,35.3553390593,900
599,HA-113,CookieTheft,27,0.000760541956565,192.888888889,120.707317136,5208
600,HA-113,PupilCalib,9,0.00081825620511,744.222222222,526.782872201,6698
601,ET-090,ET-090_allsc,181,0.000827205462298,286.220994475,287.983016091,51806
602,ET-090,Reading,55,0.00106999727637,251.036363636,189.307017306,13807
603,ET-090,Memory,42,0.000621283393982,271.428571429,214.459859552,11400
604,ET-090,CookieTheft,78,0.000892468935216,262.705128205,265.919239228,20491
605,ET-090,PupilCalib,6,0.000483597968889,1018.0,682.483699439,6108
606,EA-195,EA-195_allsc,162,0.000741778620292,308.604938272,280.392324038,49994
607,EA-195,Reading,63,0.000707865168539,282.349206349,214.545292513,17788
608,EA-195,Memory,62,0.000732869182851,277.403225806,219.223627098,17199
609,EA-195,CookieTheft,28,0.00082850041425,332.392857143,306.937481786,9307
610,EA-195,PupilCalib,9,0.00081825620511,633.333333333,638.35726674,5700
611,HA-025,HA-025_allsc,71,0.0004619388419,259.197183099,352.312021599,18403
612,HA-025,Reading,28,0.000582181099906,192.785714286,115.204281409,5398
613,HA-025,Memory,15,0.000258647446288,126.6,79.9051223103,1899
614,HA-025,CookieTheft,19,0.000516234207309,168.789473684,88.241196569,3207
615,HA-025,PupilCalib,9,0.000832870627429,877.666666667,717.261458605,7899
616,HA-163,HA-163_allsc,138,0.00110140069436,233.094202899,196.859351314,32167
617,HA-163,Reading,69,0.00116157705128,193.724637681,134.91106919,13367
618,HA-163,Memory,14,0.00063068744932,242.857142857,220.887321481,3400
619,HA-163,CookieTheft,43,0.00132732436103,204.651162791,178.557031535,8800
620,HA-163,PupilCalib,12,0.00106204088857,550.0,261.116483934,6600
621,EE-126,EE-126_allsc,90,0.000489154360811,263.411111111,319.154532485,23707
622,EE-126,Reading,46,0.000415901919478,187.130434783,118.700858126,8608
623,EE-126,Memory,8,0.000298585451424,474.875,503.239629799,3799
624,EE-126,CookieTheft,26,0.000736627379873,223.076923077,160.767390494,5800
625,EE-126,PupilCalib,10,0.000885034073812,550.0,708.952905504,5500
626,EE-105,EE-105_allsc,118,0.000436238881454,273.86440678,276.044401088,32316
627,EE-105,Reading,21,0.000322575690082,300.333333333,292.351728802,6307
628,EE-105,Memory,23,0.000198446937015,273.913043478,281.582203893,6300
629,EE-105,CookieTheft,63,0.000785594932289,231.904761905,202.243044004,14610
630,EE-105,PupilCalib,11,0.00118292289493,463.545454545,490.34505476,5099
631,EA-009,EA-009_allsc,145,0.000924750795605,272.344827586,272.438840724,39490
632,EA-009,Reading,44,0.000859341431975,213.318181818,151.774430657,9386
633,EA-009,Memory,35,0.000735371362538,279.942857143,273.039637594,9798
634,EA-009,CookieTheft,57,0.00123368612428,222.929824561,158.311160563,12707
635,EA-009,PupilCalib,9,0.000762776506484,844.333333333,561.283350902,7599
636,EO-186,EO-186_allsc,189,0.000530907824289,187.82010582,150.569025021,35498
637,EO-186,Reading,86,0.000437427519277,177.709302326,147.552731653,15283
638,EO-186,Memory,22,0.000421496311907,195.454545455,170.370108957,4300
639,EO-186,CookieTheft,66,0.000729305943843,165.378787879,88.3826932504,10915
640,EO-186,PupilCalib,15,0.000898311174991,333.333333333,258.198889747,5000
641,HA-044,HA-044_allsc,111,0.000446503994401,257.774774775,226.429827969,28613
642,HA-044,Reading,26,0.00054848849229,184.576923077,115.519062696,4799
643,HA-044,Memory,35,0.000298900047824,334.485714286,297.620007573,11707
644,HA-044,CookieTheft,48,0.000654834176887,229.333333333,189.932388119,11008
645,HA-044,PupilCalib,2,0.00018521948509,549.5,211.424927575,1099
646,EE-146,EE-146_allsc,149,0.00110039436953,277.469798658,222.171243823,41343
647,EE-146,Reading,70,0.00118437304367,264.8,195.225295344,18536
648,EE-146,Memory,42,0.00112011947941,254.714285714,225.45718167,10698
649,EE-146,CookieTheft,26,0.000938628158845,284.692307692,220.355307489,7402
650,EE-146,PupilCalib,11,0.000990366435581,427.909090909,330.790705597,4707
651,HO-070,HO-070_allsc,95,0.000329745471206,353.8,522.55470242,33611
652,HO-070,Reading,27,0.000633743310487,199.925925926,117.604593685,5398
653,HO-070,Memory,16,0.000100694160368,449.9375,388.13236037,7199
654,HO-070,CookieTheft,50,0.00062893081761,298.28,261.993226272,14914
655,HO-070,PupilCalib,2,0.000281690140845,3050.0,2050.60966544,6100
656,HC-116,HC-116_allsc,178,0.000995536862828,190.483146067,116.677314674,33906
657,HC-116,Reading,44,0.000909034563973,163.977272727,111.913689467,7215
658,HC-116,Memory,25,0.000886619143881,156.04,87.0078923623,3901
659,HC-116,CookieTheft,101,0.00109190369626,199.910891089,107.725029497,20191
660,HC-116,PupilCalib,8,0.000824827301784,324.875,212.081815412,2599
661,HI-020,HI-020_allsc,85,0.000410816558324,562.576470588,746.35253346,47819
662,HI-020,Reading,28,0.000533302858884,378.571428571,297.342728871,10600
663,HI-020,Memory,17,0.000196304849885,447.411764706,1032.32081126,7606
664,HI-020,CookieTheft,34,0.000615897398739,671.0,811.952230271,22814
665,HI-020,PupilCalib,6,0.00047626607398,1133.16666667,643.583845871,6799
666,HA-082,HA-082_allsc,289,0.00082362228511,226.207612457,265.391217666,65374
667,HA-082,Reading,18,0.000421506182091,317.111111111,252.609181727,5708
668,HA-082,Memory,180,0.000811929957509,192.616666667,132.602791371,34671
669,HA-082,CookieTheft,84,0.00110392682542,228.523809524,192.853929129,19196
670,HA-082,PupilCalib,7,0.000673141648235,828.428571429,1295.78442872,5799
671,HO-165,HO-165_allsc,123,0.000494184294582,299.170731707,396.806033206,36798
672,HO-165,Reading,22,0.000407437587969,195.363636364,89.7427781705,4298
673,HO-165,Memory,22,0.000437384441043,272.909090909,389.736774306,6004
674,HO-165,CookieTheft,69,0.000523914017357,257.927536232,376.151616758,17797
675,HO-165,PupilCalib,10,0.000775253895651,869.9,537.725756207,8699
676,EA-149,EA-149_allsc,70,0.000325434571379,231.642857143,194.446075809,16215
677,EA-149,Reading,46,0.000691791740608,237.282608696,175.435288867,10915
678,EA-149,Memory,1,1.18903236546e-05,100.0,0.0,100
679,EA-149,CookieTheft,22,0.00040071399949,222.727272727,238.909861826,4900
680,EA-149,PupilCalib,1,0.000104177518492,300.0,0.0,300
681,HE-150,HE-150_allsc,92,0.000686556917061,197.630434783,154.782422078,18182
682,HE-150,Reading,47,0.000687124457245,171.957446809,139.38513386,8082
683,HE-150,Memory,22,0.00058817238798,195.454545455,136.197590103,4300
684,HE-150,CookieTheft,10,0.000568246391635,130.0,48.304589154,1300
685,HE-150,PupilCalib,13,0.00122653080479,346.153846154,206.621169516,4500
686,HR-151,HR-151_allsc,82,0.000603855840464,252.231707317,287.316674725,20683
687,HR-151,Reading,33,0.000744853737811,205.545454545,141.345563007,6783
688,HR-151,Memory,11,0.000248335026527,209.090909091,301.511344578,2300
689,HR-151,CookieTheft,27,0.000750083342594,192.592592593,185.898909514,5200
690,HR-151,PupilCalib,11,0.0009822305563,581.818181818,534.449589425,6400
691,EI-0001,EI-0001_allsc,338,0.000942291608587,304.331360947,394.666688382,102864
692,EI-0001,Reading,130,0.00101798704807,275.261538462,399.540172789,35784
693,EI-0001,Memory,129,0.000863471154039,275.139534884,341.117298928,35493
694,EI-0001,CookieTheft,69,0.000985686123254,336.072463768,308.769156054,23189
695,EI-0001,PupilCalib,10,0.000862217623728,839.8,904.639989781,8398
696,EO-008,EO-008_allsc,153,0.000986498510581,353.535947712,340.075688676,54091
697,EO-008,Reading,73,0.00109949694249,279.397260274,216.00596312,20396
698,EO-008,Memory,18,0.000559058297357,489.222222222,435.928698373,8806
699,EO-008,CookieTheft,57,0.00126397019691,301.719298246,223.999103505,17198
700,EO-008,PupilCalib,5,0.00043832734286,1538.2,262.853951844,7691
701,HI-036,HI-036_allsc,115,0.000654130120701,278.391304348,234.922334895,32015
702,HI-036,Reading,34,0.000640265145095,247.294117647,152.157719093,8408
703,HI-036,Memory,17,0.000432625015905,370.588235294,448.281030552,6300
704,HI-036,CookieTheft,57,0.000790546725472,252.754385965,151.15570032,14407
705,HI-036,PupilCalib,7,0.000619140279498,414.285714286,338.765264987,2900
706,EE-057,EE-057_allsc,119,0.000592013292937,255.739495798,390.618880149,30433
707,EE-057,Reading,58,0.000566943295896,201.672413793,162.77423693,11697
708,EE-057,Memory,19,0.000453417334861,205.578947368,130.782820733,3906
709,EE-057,CookieTheft,41,0.000819950802952,261.731707317,173.003905215,10731
710,EE-057,PupilCalib,1,0.000147080453008,4099.0,0.0,4099
711,ER-059,ER-059_allsc,246,0.000732786226002,291.081300813,244.625114051,71606
712,ER-059,Reading,48,0.00045539068726,248.375,236.547294088,11922
713,ER-059,Memory,29,0.00060537742151,209.75862069,254.022447711,6083
714,ER-059,CookieTheft,155,0.000905913570001,300.658064516,231.868901571,46602
715,ER-059,PupilCalib,14,0.00123904770334,499.928571429,282.951603441,6999
716,EO-011,EO-011_allsc,12,8.83613389688e-05,291.583333333,227.506426816,3499
717,EO-011,Memory,6,0.000101696638926,216.666666667,147.196014439,1300
718,EO-011,CookieTheft,4,6.06925014414e-05,224.75,95.8310144647,899
719,EO-011,PupilCalib,2,0.000183469406476,650.0,353.553390593,1300
720,HA-086,HA-086_allsc,47,0.000244799316645,240.595744681,374.349735314,11308
721,HA-086,Reading,17,0.00030856354594,158.823529412,106.412073618,2700
722,HA-086,Memory,10,0.000122550521452,440.0,771.674082038,4400
723,HA-086,CookieTheft,19,0.000417554886491,210.947368421,144.565814956,4008
724,HA-086,PupilCalib,1,0.000102061645234,200.0,0.0,200
725,HI-121,HI-121_allsc,328,0.000421484396082,227.957317073,343.791422981,74770
726,HI-121,Reading,44,0.000775973052572,184.227272727,139.560750069,8106
727,HI-121,Memory,77,0.000215924577825,247.961038961,252.647686958,19093
728,HI-121,CookieTheft,204,0.000571598289688,199.862745098,145.527648023,40772
729,HI-121,PupilCalib,3,0.00037504688086,2266.33333333,2821.36497698,6799
730,HE-119,HE-119_allsc,171,0.00117780762475,284.210526316,352.050317435,48600
731,HE-119,Reading,73,0.00140942966367,215.095890411,150.626761344,15702
732,HE-119,Memory,26,0.000698981100626,215.384615385,168.978833449,5600
733,HE-119,CookieTheft,64,0.00144485833616,271.859375,205.381941308,17399
734,HE-119,PupilCalib,8,0.000672325405496,1237.375,1089.89028773,9899
735,EA-169,EA-169_allsc,64,0.000425812203512,265.484375,298.775808724,16991
736,EA-169,Reading,35,0.000615189917916,225.714285714,146.212691858,7900
737,EA-169,Memory,20,0.000514072741293,154.6,88.5083403742,3092
738,EA-169,CookieTheft,2,4.46388715293e-05,200.0,141.421356237,400
739,EA-169,PupilCalib,7,0.000721723889061,799.857142857,635.006674131,5599
740,HA-018,HA-018_allsc,182,0.000477568702981,371.478021978,713.297623376,67609
741,HA-018,Reading,41,0.000606499903848,270.731707317,244.073761842,11100
742,HA-018,Memory,42,0.00019590191844,314.380952381,238.9172683,13204
743,HA-018,CookieTheft,95,0.001094419612,336.905263158,284.209657168,32006
744,HA-018,PupilCalib,4,0.000325229693471,2824.75,4283.0966504,11299
745,HA-142,HA-142_allsc,258,0.00121407194082,297.728682171,244.317862485,76814
746,HA-142,Reading,88,0.00146661777941,288.795454545,223.749149313,25414
747,HA-142,Memory,131,0.00112637787828,279.404580153,231.170292829,36602
748,HA-142,CookieTheft,36,0.00136337814808,366.611111111,318.160990495,13198
749,HA-142,PupilCalib,3,0.000306153689152,533.333333333,230.940107676,1600
750,HI-010,HI-010_allsc,104,0.000686029406914,246.153846154,235.018023239,25600
751,HI-010,Reading,40,0.000909028929846,217.075,179.176662214,8683
752,HI-010,Memory,3,9.17543430389e-05,200.0,173.205080757,600
753,HI-010,CookieTheft,42,0.000687397708674,209.904761905,150.846038376,8816
754,HI-010,PupilCalib,19,0.00137701116104,394.789473684,403.380517756,7501
755,HL-168,HL-168_allsc,121,0.00072629487572,270.983471074,353.160775084,32789
756,HL-168,Reading,52,0.00109010104398,211.653846154,152.67932364,11006
757,HL-168,Memory,25,0.000467324659788,215.36,213.849417426,5384
758,HL-168,CookieTheft,36,0.000672872042167,177.777777778,162.289355537,6400
759,HL-168,PupilCalib,8,0.000672325405496,1249.875,709.073930762,9999
760,HA-019,HA-019_allsc,203,0.00080079843154,266.9408867,319.0957466,54189
761,HA-019,Reading,49,0.00100012246398,173.469387755,107.520754206,8500
762,HA-019,Memory,73,0.000717057119002,215.082191781,296.304402104,15701
763,HA-019,CookieTheft,71,0.000775117632289,313.929577465,299.858887,22289
764,HA-019,PupilCalib,10,0.000900982070457,769.9,673.866859583,7699
765,HR-179,HR-179_allsc,100,0.000594177064765,412.84,642.071988789,41284
766,HR-179,Reading,32,0.000628708397187,496.8125,762.20979406,15898
767,HR-179,Memory,24,0.000628255804822,216.666666667,160.615031693,5200
768,HR-179,CookieTheft,38,0.000559695996701,260.184210526,162.08337115,9887
769,HR-179,PupilCalib,6,0.000530644733351,1716.5,1342.10040608,10299
