,interview
0,EA-007
1,EA-009
2,EA-063
3,EA-069
4,EA-073
5,EA-109
6,EA-123
7,EA-127
8,EA-135
9,EA-141
10,EA-149
11,EA-152
12,EA-169
13,EA-184
14,EA-194
15,EA-195
16,EE-057
17,EE-087
18,EE-093
19,EE-100
20,EE-105
21,EE-126
22,EE-146
23,EE-174
24,EH-061
25,EH-164
26,EH-173
27,EI-023
28,EI-037
29,EI-051
30,EI-096
31,EI-112
32,EI-137
33,EI-170
34,EI-191
35,EL-003
36,EL-156
37,EL-185
38,EO-008
39,EO-011
40,EO-021
41,EO-026
42,EO-054
43,EO-080
44,EO-083
45,EO-091
46,EO-094
47,EO-143
48,EO-166
49,EO-182
50,EO-186
51,ER-040
52,ER-059
53,ER-129
54,ER-167
55,ET-090
56,EU-024
57,EU-161
58,EY-035
59,EY-043
60,HA-0002
61,HA-006
62,HA-016
63,HA-018
64,HA-019
65,HA-025
66,HA-044
67,HA-066
68,HA-077
69,HA-089
70,HA-092
71,HA-103
72,HA-113
73,HA-128
74,HA-142
75,HA-163
76,HA-177
77,HA-181
78,HA-192
79,HA-196
80,HE-012
81,HE-022
82,HE-030
83,HE-078
84,HE-099
85,HE-130
86,HE-150
87,HH-029
88,HH-053
89,HH-055
90,HH-056
91,HH-076
92,HI-020
93,HI-034
94,HI-036
95,HI-041
96,HI-042
97,HI-052
98,HI-097
99,HI-121
100,HI-132
101,HI-134
102,HI-144
103,HI-148
104,HL-060
105,HL-062
106,HL-074
107,HL-168
108,HN-183
109,HO-032
110,HO-033
111,HO-038
112,HO-070
113,HO-072
114,HO-158
115,HO-162
116,HO-165
117,HO-188
118,HO-193
119,HP-138
120,HR-047
121,HR-102
122,HR-151
123,HR-179
124,HU-048
125,HU-079
126,HU-153
